feature,area,priority,original,clone,notes
Company settings: name TIN VRN base currency TZS books-from date,setup,must,yes,no,S02
Financial years with start and end dates,setup,must,yes,no,S02 S30
Predefined primary groups and sub-groups (28),chart of accounts,must,yes,no,S04 S05; confirm names against Anudha's Tally company
User-created groups under any group,chart of accounts,must,yes,no,S05
Group nature drives Balance Sheet or P&L placement,chart of accounts,must,yes,no,direct vs indirect splits gross and net profit
Ledgers under groups with opening balance Dr or Cr,chart of accounts,must,yes,no,S06
Predefined Cash and Profit & Loss ledgers that cannot be deleted,chart of accounts,must,yes,no,source 1
Link party ledgers to ERP customers and suppliers,chart of accounts,must,partial,no,reuse tally_ledger_names mappings; Tally has no ERP link
Block deleting a ledger or group with postings,chart of accounts,must,yes,no,
Chart of accounts tree with balances and search,chart of accounts,must,yes,no,S04
Predefined voucher types: sales purchase payment receipt contra journal credit note debit note,vouchers,must,yes,no,S07
Custom voucher types that inherit a base type,vouchers,must,yes,no,e.g. Cash Sales; source 3
Automatic gap-free numbering per voucher type and year with prefix,vouchers,must,yes,no,database sequence per type+year under row lock
Every voucher balances (debits equal credits) enforced in the database,vouchers,must,yes,no,deferred constraint trigger
Accounting voucher entry for payment receipt contra journal,vouchers,must,yes,no,S08
Invoice entry for sales and purchase with VAT lines,vouchers,must,yes,no,S09
Credit note and debit note against an original invoice,vouchers,must,yes,no,S10
Narration and reference on every voucher,vouchers,must,yes,no,
Correct a posted voucher by reversal and repost,vouchers,must,partial,no,Tally alters in place; ERP rule is append-only (deliberate difference)
Create sales invoice from accepted Pro forma or delivery without retyping,vouchers,must,no,no,ERP-only; replaces tally-export round trip
Create purchase bill from purchase order,vouchers,must,no,no,ERP-only; suppliers_purchasing tables exist
Bill-wise tracking: new ref against ref advance on account,receivables payables,must,yes,no,S11
Due date from credit days on each bill,receivables payables,must,yes,no,
Receivables and payables outstanding by party,receivables payables,must,yes,no,S19
Ageing buckets (0-30 31-60 61-90 90+),receivables payables,must,yes,no,S19 source 5
Credit limit warning on sales invoice,receivables payables,should,yes,no,
Party statement of account print,receivables payables,must,yes,no,S14 print
VAT at 18% on every taxable line plus zero-rated exempt and out-of-scope classes,tax,must,partial,no,18% confirmed by Anudha 2026-10-06; no reduced rate; rate effective-dated as data
Input VAT only with supplier fiscal receipt verification code and TIN,tax,must,no,no,source 15; otherwise post to cost
Monthly VAT return summary with exception list,tax,must,yes,no,S23; export for TRA portal
Fiscalise each sales invoice through TRA VFD with receipt number and QR,tax,must,no,no,source 13; needs TRA registration and certification
Daily Z report to TRA,tax,must,no,no,source 13
VFD offline queue with idempotent retry,tax,must,no,no,never post a receipt twice
Withholding tax deducted by customers and on supplier payments,tax,should,unknown,no,confirm with accountant
Day Book,reports,must,yes,no,S13
Ledger statement with running balance and drill-down,reports,must,yes,no,S14
Trial Balance (condensed and detailed),reports,must,yes,no,S15
Profit & Loss with gross and net profit,reports,must,yes,no,S16
Balance Sheet,reports,must,yes,no,S17
Cash book and bank book,reports,must,yes,no,S18
Drill from any report total to the vouchers behind it,reports,must,yes,no,
Export reports to Excel and PDF,reports,should,yes,no,
Cash flow and funds flow,reports,should,yes,no,S21
Ratio analysis,reports,could,yes,no,S22
Bank reconciliation by bank date,banking,must,yes,no,S20
Import bank statement CSV and auto-match,banking,should,yes,no,S20; Tally supports many banks' formats
Cheque printing and payment advice,banking,could,yes,no,S32
Post-dated cheques and vouchers,banking,should,yes,no,S27
Cost centres and categories with allocation on P&L lines,cost control,should,yes,no,S12 S24; branch or department
Budgets and variance report,cost control,could,yes,no,S25
Multi-currency ledgers and vouchers with exchange rates,currency,should,yes,no,ERP is TZS-only today
Forex gain and loss on settlement,currency,should,yes,no,source 7
Interest on overdue bills,finance,could,yes,no,S29
Accounting rights per role and voucher type enforced in the database,security,must,yes,no,accounting_memberships + departments
Edit log of every create reverse and master change,security,must,yes,no,S26; append-only events
Period lock so closed months cannot be posted,security,must,yes,no,S30
Year-end close and carry forward of balances,close,must,yes,no,S30
Reversing journal auto-reversed next period,vouchers,should,yes,no,
Optional (unposted) and memorandum vouchers,vouchers,could,yes,no,S27
Import Tally masters (groups ledgers) from XML,migration,must,yes,no,S31 F12
Import Tally opening balances and open bills; TB must match Tally,migration,must,yes,no,F12 cut-over gate
Import historical Tally vouchers for comparison,migration,should,yes,no,extends tally_sales_invoices register
Parallel-run report: ERP TB vs Tally TB by ledger,migration,must,no,no,ERP-only; cut-over gate
Stock valuation postings from ERP inventory movements,integration,should,partial,no,ERP owns stock; posts cost of sales
Exception report: unbalanced imports negative cash suspense balance,reports,should,yes,no,S27
Scenario and provisional reports,cost control,could,yes,no,source 8
Payroll,payroll,could,yes,no,separate project
Fixed asset register with depreciation schedule,assets,could,partial,no,Tally does this by journals only
Recurring vouchers (rent subscriptions),vouchers,could,partial,no,
Indian GST e-way bill TDS TCS,statutory,could,yes,skip,India-only; Tanzania VAT replaces it
TDL customisation language,platform,could,yes,skip,their platform not bookkeeping
Tally.NET remote access and TallyPrime Server,platform,could,yes,skip,the ERP is already browser-based and multi-user
Tally licence and edition model,platform,could,yes,skip,
Tally inventory engine (godowns batches stock journal),inventory,could,yes,skip,ERP already owns stock
Tally data file format and private connectivity,platform,could,yes,skip,use documented XML import only
Tally name logo key layout and screen copy,brand,could,yes,skip,clean-room; ERP keeps Anudha brand
TRA VFD certification of the ERP,statutory,must,no,skip,an approval Anudha must obtain; cannot be built
Accountant and auditor sign-off on chart and VAT logic,statutory,must,no,skip,LEG-033 LEG-082; an approval not a feature
